[{"username":"juan.camilo@mail.com","password":"12345","nombre":"Juan Camilo","apellido":"Cardona Guti\u00e9rrez","profile_img":"uploadedImgs\/hombre.png","descripcion":"Profesional especializado en desarrollo Web, con dominio de lenguajes como HTML 5, CSS 3, JavaScript y PHP.","categoria":"desarrollo","tipo_id":"cedula_ciudadania","id":"1053838757","fecha_nacimiento":"26 November, 1994","genero":"masculino","estado_civil":"soltero","tipo_telefono":"celular","telefono":"3203336980","ciudad":"Manizales","pais":"Colombia","hoja_vida":""},{"username":"maria@mail.com","password":"12345","nombre":"","apellido":"","profile_img":"","descripcion":"","categoria":"","tipo_id":"","id":"","fecha_nacimiento":"","genero":"","estado_civil":"","tipo_telefono":"","telefono":"","ciudad":"","pais":"","hoja_vida":""}]